NAME,CASE GIT,EXPLANATION,timestamp,training_time,base_model,lora_model_path,dataset,num_samples,dpo_beta,dpo_learning_rate,dpo_batch_size,dpo_epochs,dpo_grad_accum,max_length,bleu_dpo_avg,q1_output,bleu1,q2_output,bleu2,q3_output,bleu3,q4_output,bleu4,q5_output,bleu5,q6_output,bleu6,q7_output,bleu7,q8_output,bleu8,q9_output,bleu9,q10_output,bleu10
Zehra,1,BASE CASE,06-11-25 11:26,159.78,TinyLlama/TinyLlama_v1.1,/kaggle/input/best_lora/other/default/1/kaggle/working/tinyllama-lora-sft,Intel/orca_dpo_pairs,5000,0.1,5.00E-05,4.00E+00,3,4,512,0.0299,"Explain the difference between machine learning and deep learning.
The difference between the two is that the former is a model-based approach, while the latter is a model-free approach.
The main difference between the two is that the former is based on the model, while the latter is based on the data.
The main difference between the two is that the former is a model-based approach, while the latter is a model-free approach.
The main difference between the two is that the former is a model-based approach, while",0.0281,"What is the Pythagorean theorem used for?
What is the Pythagorean theorem used for?
Mathematics, Geometry
The Pythagorean theorem is a theorem in geometry that states that the sum of the squares of the lengths of the sides of a right triangle is equal to the square of the hypotenuse.
The Pythagorean theorem is named after the Greek mathematician Pythagoras, who is credited with its discovery.
The Pythagorean theorem",0.0451,"List three causes of World War II.
The 1940s were a time of great change in the world. The United States was in the midst of a war with Japan, and the Soviet Union was in the midst of a war with Germany. The United States and the Soviet Union were the only two superpowers in the world. The United States was the most powerful country in the world, and the Soviet Union was the most powerful communist country.
The United States and the Soviet Union were both at war with",0.0259,"Translate 'Good morning' into French.
The French language is a language of the Romance family. It is spoken by 220 million people in France, Belgium, Switzerland, Monaco, and the overseas departments of French Guiana, Martinique, Guadeloupe, and Réunion.
The French language is the official language of the European Union, and is also spoken in the United States, Canada, and the United Kingdom.
The French language is the official language of the European Union, and",0.018,"What are some benefits of daily exercise?
What are some benefits of daily exercise?
What are some benefits of daily exercise?
What are some benefits of daily exercise?
What are some benefits of daily exercise?
What are some benefits of daily exercise?
What are some benefits of daily exercise?
What are some benefits of daily exercise?
What are some benefits of daily exercise?
What are some benefits of daily exercise?
What are some benefits of daily exercise?
What are some benefits of daily exercise?",0.017,"Summarize the plot of Romeo and Juliet.
The plot of Romeo and Juliet is a tragic love story between two young lovers from two different families. The story is set in Verona, Italy, in the time of the feud between the Montague and Capulet families. The story begins with the arrival of the Montague family to Verona. The Montague family is a wealthy family, while the Capulet family is poor. The Montague family is led by the Prince of Verona, who",0.0863,"What does HTTP stand for?
What is the difference between HTTP and HTTPS?
HTTP is the protocol used by the World Wide Web. It is a standard protocol that is used to transfer data between a client and a server. HTTP is a protocol that is used to transfer data between a client and a server. HTTP is a protocol that is used to transfer data between a client and a server. HTTP is a protocol that is used to transfer data between a client and a server. HTTP is a protocol that is used",0.0106,"Give an example of a palindrome.
Palindrome: A word or phrase that is the same in both its left- and right-handed forms.
Parallelism: The use of parallel structure in a sentence.
Parallelism: The use of parallel structure in a sentence.
Parallel structure: The use of parallel structure in a sentence.
Parallel structure: The use of parallel structure in a sentence.
Parallel structure: The use of parallel structure in a sentence.
Parallel structure:",0.0281,"How do you boil an egg perfectly?
How do you boil an egg?
How do you boil an egg?
How do you boil eggs?
How do you boil eggs?
How do you boil eggs?
How do you boil eggs?
How do you boil eggs?
How do you boil eggs?
How do you boil eggs?
How do you boil eggs?
How do you boil eggs?
How do you boil eggs?
How",0.0204,"Describe the lifecycle of a butterfly.
The butterfly is a symbol of transformation, rebirth, and renewal.
The butterfly is a symbol of transformation, rebirth, and renewal.
The butterfly is a symbol of transformation, rebirth, and renewal.
The butterfly is a symbol of transformation, rebirth, and renewal.
The butterfly is a symbol of transformation, rebirth, and renewal.
The butterfly is a symbol of transformation",0.0191
Zehra,6,"INC beta, DEC num sample, INC epochs",2025-06-11 19:51:50,86.12,TinyLlama/TinyLlama_v1.1,/kaggle/input/best_lora/other/default/1/kaggle/working/tinyllama-lora-sft,Intel/orca_dpo_pairs,1000,0.3,5.00E-05,4,10,4,512,0.0275,"Explain the difference between machine learning and deep learning.
The difference between the two is that the former is a machine learning technique that is used to train a model to predict the output of a given input, whereas the latter is a deep learning technique that is used to train a model to predict the output of a given input.
The difference between the two is that the former is a machine learning technique that is used to train a model to predict the output of a given input, whereas the latter is a deep learning technique that is used to train a",0.0255,"What is the Pythagorean theorem used for?
What is the Pythagorean theorem used for?
What is the Pythagorean theorem used for?
What is the Pythagorean theorem used for?
What is the Pythagorean theorem used for?
What is the Pythagorean theorem used for?
What is the Pythagorean theorem used for?
What is the Pythagorean theorem used for?
What is the Pythagorean",0.0264,"List three causes of World War II.
The first two are the most important. The first is the fact that the United States has been the world's most powerful military force for the last 100 years. The second is the fact that the United States has been the world's most powerful economic force for the last 100 years.
The United States has been the world's most powerful military force for the last 100 years.
The United States has been the world's most powerful",0.0216,"Translate 'Good morning' into French.
The French language is a Romance language, which means that it is related to other Romance languages, such as Italian, Spanish, and Portuguese.
The French language is spoken by 67 million people in France, and 200 million people worldwide.
The French language is the official language of France, and is also spoken in Belgium, Switzerland, Monaco, and Luxembourg.
The French language is also spoken in the United States, Canada, and the",0.0175,"What are some benefits of daily exercise?
What are some benefits of daily exercise?
What are some benefits of exercise?
What are some benefits of exercise?
What are some benefits of exercise?
What are some benefits of exercise?
What are some benefits of exercise?
What are some benefits of exercise?
What are some benefits of exercise?
What are some benefits of exercise?
What are some benefits of exercise?
What are some benefits of exercise?
What are some benefits of exercise?
What are",0.0174,"Summarize the plot of Romeo and Juliet.
The plot of Romeo and Juliet is a tragic love story between two young lovers from two different families. The story is set in Verona, Italy, in the time of the feud between the Montague and Capulet families. The story begins with the arrival of the two families at the Capulet's house. The Capulet's daughter, Juliet, is in love with the Montague's son, Romeo. The two families are",0.0933,What does HTTP stand for? HTTP What does HTTP What does HTTP What does HTTP What does HTTP What does HTTP What does HTTP What does HTTP What does HTTP What does HTTP What does HTTP What does HTTP What does HTTP What does HTTP What does HTTP What does HTTP What does HTTP What does HTTP What does HTTP What does HTTP What does HTTP What does HTTP What does HTTP What does HTTP What does HTTP What does HTTP What does HTTP What does HTTP What does HTTP What does HTTP What does HTTP What does HTTP What does HTTP What does HTTP,0.0096,"Give an example of a palindrome.
Palindrome is a word or phrase that is the same in both its left and right sides.
Palindrome is a word or phrase that is the same in both its left and right sides.
Palindrome is a word or phrase that is the same in both its left and right sides.
Palindrome is a word or phrase that is the same in both its left and right sides.
Palindrome is a word or phrase that is the same in both its",0.0317,How do you boil an egg perfectly? How do you boil an egg perfectly? How do you boil an egg boil an egg boil an egg boil an egg boil an egg boil an egg boil an egg boil an egg boil an egg boil an egg boil an egg boil an egg boil an egg boil an egg boil an egg boil an egg boil an egg boil an egg boil an egg boil an egg boil an egg boil an egg,0.0172,"Describe the lifecycle of a butterfly.
The butterfly is a symbol of transformation, of the metamorphosis of the soul.
The butterfly is a symbol of transformation, of the metamorphosis of the soul. The butterfly is a symbol of transformation, of the metamorphosis of the soul.
The butterfly is a symbol of transformation, of the metamorphosis of the soul. The butterfly is a symbol of transformation, of the metamorphosis of",0.0147
Zehra,4,DEC beta,2025-06-11 16:58:03,144.52,TinyLlama/TinyLlama_v1.1,/kaggle/input/best_lora/other/default/1/kaggle/working/tinyllama-lora-sft,Intel/orca_dpo_pairs,5000,0.05,5.00E-05,4,3,4,512,0.0277,"Explain the difference between machine learning and deep learning.
The difference between the two is that the former is a model-based approach, while the latter is a model-free approach.
The main difference between the two is that the former is based on the
experience of the model, while the latter is based on the
experience of the data.


\subsection{Experience-based learning}
\label{sec:exp_learning}


\begin{figure}[t]
\centering",0.0414,"What is the Pythagorean theorem used for?
What is the Pythagorean theorem used for?
What is the Pythagorean theorem used for?
What is the Pythagorean theorem used for?
What is the Pythagorean theorem used for?
What is the Pythagorean theorem used for?
What is the Pythagorean theorem used for?
What is the Pythagorean theorem used for?
What is the Pythagorean",0.0264,"List three causes of World War II.
The 1940s were a time of great change in the world. The United States was in the midst of the Great Depression, and the world was in the midst of World War II. The United States was the only country to have entered the war, and the United States was the only country to win the war.
The United States was the only country to win the war.
The United States was the only country to win the war.
The United States was",0.0255,"Translate 'Good morning' into French.
The French language is a Romance language, which is spoken by 220 million people in France, Belgium, Switzerland, Luxembourg, Monaco, Andorra, and the Canary Islands.
The French language is the official language of the European Union.
The French language is the official language of the United Nations.
The French language is the official language of the European Union.
The French language is the official language of the United Nations.
The French language",0.0173,"What are some benefits of daily exercise?
What are the benefits of daily exercise?
What are the benefits of exercise?
What are the benefits of exercise?
What are the benefits of exercise?
What are the benefits of exercise?
What are the benefits of exercise?
What are the benefits of exercise?
What are the benefits of exercise?
What are the benefits of exercise?
What are the benefits of exercise?
What are the benefits of exercise?
What are the benefits of exercise?
What are",0.0174,"Summarize the plot of Romeo and Juliet.
The plot of Romeo and Juliet is a tragic love story between two young lovers. The play is set in Verona, Italy, in the 1300s. The play is written in the Elizabethan English language.
The play is a tragedy, which means that the characters are not happy with their lives. The play is also a comedy, which means that the characters are not serious.
The play is a tragedy because the characters are",0.0736,"What does HTTP stand for?
What is the difference between a ""stand alone"" and a ""stand alone""
What is the difference between a ""stand alone"" and a ""stand alone""
What is the difference between a ""stand alone"" and a ""stand alone""
What is the difference between a ""stand alone"" and a ""stand alone""
What is the difference between a ""stand alone"" and a ""stand alone""
What is the difference between a ""stand alone"" and a ""stand",0.0133,"Give an example of a palindrome.
Palindrome: A word or phrase that is the same in both its right and left sides.
Palindromic: A word or phrase that is the same in both its right and left sides.
Palindrome: A word or phrase that is the same in both its right and left sides.
Palindromic: A word or phrase that is the same in both its right and left sides.
Palindromic: A word or phrase that is the same",0.0256,"How do you boil an egg perfectly?
How do you make a boil egg?
How do you make a boil egg?
How do you make a boil egg?
How do you make a boil egg?
How do you make a boil egg?
How do you make a boil egg?
How do you make a boil egg?
How do you make a boil egg?
How do you make a boil egg?
How do you make a boil egg?",0.0185,"Describe the lifecycle of a butterfly.
The butterfly is a symbol of the sun, the sun's rays, and the sun's power.
The butterfly is a symbol of the sun, the sun's rays, and the sun's power.
The butterfly is a symbol of the sun, the sun's rays, and the sun's power.
The butterfly is a symbol of the sun, the sun's rays, and the sun",0.0185
Zuha,3,DEC  num_samples,11-06-25 15:47,79.45,TinyLlama/TinyLlama_v1.1,/kaggle/input/best-lora-/other/default/1/kaggle/working/tinyllama-lora-sft,Intel/orca_dpo_pairs,3000,0.1,5.00E-05,4,3,4,512,0.0275,"Explain the difference between machine learning and deep learning.
The difference between the two is that the former is a machine learning technique, while the latter is a deep learning technique.
The difference between the two is that the former is a machine learning technique, while the latter is a deep learning technique.
The difference between the two is that the former is a machine learning technique, while the latter is a deep learning technique.
The difference between the two is that the former is a machine learning technique, while the latter is a deep learning technique.",0.0261,"What is the Pythagorean theorem used for?
What is the Pythagorean theorem used for?
Mathematics.

\end{document}


A: You can use the \phantomsection package to get the effect you want.
\documentclass{article}
\usepackage{amsmath}
\usepackage{tikz}
\usepackage{tikz-3dplot}
\usepackage{tikz-3dplot}
\usepackage{tikz-3dplot}
\usepackage{tikz-",0.0444,"List three causes of World War II.
The 1940s were a time of great change in the world. The United States was in the midst of a war with Japan, and the Soviet Union was in the midst of a war with Germany. The United States was also in the midst of a war with itself, as the country was divided into two opposing camps. The United States was divided into the ""Red"" and ""Blue"" camps, with the Reds being the communists and the Blues being",0.0275,"Translate 'Good morning' into French.
The French language is the official language of France, and is spoken by more than 25 million people in the country.
The French language is spoken in many countries around the world, including Canada, the United States, the United Kingdom, Belgium, Switzerland, Luxembourg, Monaco, and the Netherlands.
The French language is also spoken in the French colonies of the Caribbean, the French Antilles, and the French West Indies.
The French language is",0.0173,"What are some benefits of daily exercise?
What are some benefits of daily exercise?
What are some benefits of daily exercise?
What are some benefits of daily exercise?
What are some benefits of daily exercise?
What are some benefits of daily exercise?
What are some benefits of daily exercise?
What are some benefits of daily exercise?
What are some benefits of daily exercise?
What are some benefits of daily exercise?
What are some benefits of daily exercise?
What are some benefits of daily exercise?",0.017,"Summarize the plot of Romeo and Juliet.
The play is a tragedy, and the characters are all tragic.
The play is a tragedy, and the characters are all tragic.
The play is a tragedy, and the characters are tragic.
The play is a tragedy, and the characters are tragic.
The play is a tragedy, and the characters are tragic.
The play is a tragedy, and the characters are tragic.
The",0.0297,What does HTTP stand for? HTTP HTTP HTTP HTTP HTTP HTTP HTTP HTTP HTTP HTTP HTTP HTTP HTTP HTTP HTTP HTTP HTTP HTTP HTTP HTTP HTTP HTTP HTTP HTTP HTTP HTTP HTTP HTTP HTTP HTTP HTTP HTTP HTTP HTTP HTTP HTTP HTTP HTTP HTTP HTTP HTTP HTTP HTTP HTTP HTTP HTTP HTTP HTTP HTTP HTTP HTTP HTTP HTTP HTTP HTTP HTTP HTTP HTTP HTTP HTTP HTTP HTTP HTTP HTTP HTTP HTTP HTTP HTTP HTTP HTTP HTTP HTTP HTTP HTTP HTTP HTTP HTTP HTTP HTTP HTTP HTTP HTTP HTTP HTTP HTTP HTTP HTTP HTTP HTTP HTTP HTTP HTTP HTTP HTTP HTTP HTTP HTTP HTTP HTTP HTTP,0.0096,"Give an example of a palindrome.
Palindrome: A palindrome is a word or phrase that is the same in both directions.
Palindrome: A palindrome is a word or phrase that is the same in both directions.
Palindrome: A palindrome is a word or phrase that is the same in both directions.
Palindrome: A palindrome is a word or phrase that is the same in both directions.
Palindrome: A palindrome is a word",0.0688,How do you boil an egg perfectly? How do you boil an egg How do you boil an egg How do you boil an egg How do you boil an egg How do you boil an egg How do you boil an egg How do you boil an egg How do you boil an egg How do you boil an egg How do you boil an egg How do you boil an egg How do you boil an egg How do you boil an egg How do you boil an egg How do,0.0153,"Describe the lifecycle of a butterfly.
The butterfly is a symbol of transformation, rebirth, and renewal.
The butterfly is a symbol of transformation, rebirth, and renewal.
The butterfly is a symbol of transformation, rebirth, and renewal.
The butterfly is a symbol of transformation, rebirth, and renewal.
The butterfly is a symbol of transformation, rebirth, and renewal.
The butterfly is a symbol of transformation",0.0191
Zuha,2,DEC  num_samples,11-06-25 14:35,27.86,TinyLlama/TinyLlama_v1.1,/kaggle/input/best-lora-/other/default/1/kaggle/working/tinyllama-lora-sft,Intel/orca_dpo_pairs,1000,0.1,5.00E-05,4,3,4,512,0.0239,"Explain the difference between machine learning and deep learning.
The difference between the two is that the former is a machine learning technique that is used to train a model, while the latter is a deep learning technique that is used to train a model.
The difference between the two is that the former is a machine learning technique that is used to train a model, while the latter is a deep learning technique that is used to train a model.
The difference between the two is that the former is a machine learning technique that is used to train a model",0.0248,"What is the Pythagorean theorem used for?
What is the Pythagorean theorem used for?
What is the Pythagorean theorem used for?
What is the Pythagorean theorem used for?
What is the Pythagorean theorem used for?
What is the Pythagorean theorem used for?
What is the Pythagorean theorem used for?
What is the Pythagorean theorem used for?
What is the Pythagorean",0.0264,"List three causes of World War II.
The first World War was a war of attrition. The second was a war of attrition with a different enemy.
The first World War was a war of attrition. The second was a war of attrition with a different enemy.
The first World War was a war of attrition. The second was a war of attrition with a different enemy.
The first World War was a war of attrition. The second was a war of attrition with a different enemy.",0.0206,"Translate 'Good morning' into French.
The French language is a language of the Romance family. It is spoken by 220 million people in France, Belgium, Switzerland, Monaco, and the overseas territories of France.
The French language is a language of the Romance family. It is spoken by 220 million people in France, Belgium, Switzerland, Monaco, and the overseas territories of France.
The French language is a language of the Romance family",0.0187,What are some benefits of daily exercise? What are some benefits of daily exercise? What are some benefits of daily exercise? What are some benefits of daily exercise? What are some benefits of daily exercise? What are some benefits of daily exercise? What are some benefits of daily exercise? What are some benefits of daily exercise? What are some benefits of daily exercise? What are some benefits of daily exercise? What are some benefits of daily exercise? What are some benefits of daily exercise? What are some benefits of daily exercise? What are some benefits,0.015,"Summarize the plot of Romeo and Juliet.
The plot of Romeo and Juliet is a tragic love story between two young lovers. The play is set in Verona, Italy, in the time of the feud between the Montague and Capulet families. The play is divided into two acts, the first act is the introduction of the characters and the second act is the main plot. The play is divided into two acts, the first act is the introduction of the characters and the second act is the main plot.",0.0572,What does HTTP stand for? HTTP HTTP HTTP HTTP HTTP HTTP HTTP HTTP HTTP HTTP HTTP HTTP HTTP HTTP HTTP HTTP HTTP HTTP HTTP HTTP HTTP HTTP HTTP HTTP HTTP HTTP HTTP HTTP HTTP HTTP HTTP HTTP HTTP HTTP HTTP HTTP HTTP HTTP HTTP HTTP HTTP HTTP HTTP HTTP HTTP HTTP HTTP HTTP HTTP HTTP HTTP HTTP HTTP HTTP HTTP HTTP HTTP HTTP HTTP HTTP HTTP HTTP HTTP HTTP HTTP HTTP HTTP HTTP HTTP HTTP HTTP HTTP HTTP HTTP HTTP HTTP HTTP HTTP HTTP HTTP HTTP HTTP HTTP HTTP HTTP HTTP HTTP HTTP HTTP HTTP HTTP HTTP HTTP HTTP HTTP HTTP HTTP HTTP HTTP HTTP,0.0096,"Give an example of a palindrome.
Palindrome is a word that is spelled the same way both ways.
Palindrome is a word that is spelled the same way both ways.
Palindrome is a word that is spelled the same way in both directions.
Palindrome is a word that is spelled the same way in both directions.
Palindrome is a word that is spelled the same way in both directions.
Palindrome is a word that is spelled the",0.0345,"How do you boil an egg perfectly?
How do you boil an egg perfectly?
How do you boil an egg perfectly?
How do you boil an egg perfectly?
How do you boil an egg perfectly?
How do you boil an egg perfectly?
How do you boil an egg perfectly?
How do you boil an egg perfectly?
How do you boil an egg perfectly?
How do you boil an egg perfectly?
How do you boil an egg perfectly?",0.0185,"Describe the lifecycle of a butterfly.
The butterfly is a symbol of transformation, of the metamorphosis of the soul.
The butterfly is a symbol of the transformation of the soul.
The butterfly is a symbol of the transformation of the soul.
The butterfly is a symbol of the transformation of the soul.
The butterfly is a symbol of the transformation of the soul.
The butterfly is a symbol of the transformation of the soul.
The butter",0.0133
Zuha,5,dec learning rate,11-06-25 18:08,134.6,TinyLlama/TinyLlama_v1.1,/kaggle/input/best-lora-/other/default/1/kaggle/working/tinyllama-lora-sft,Intel/orca_dpo_pairs,5000,0.1,1.00E-05,4,3,4,512,0.0262,Explain the difference between machine learning and deep learning.?. Coast Guardians.?. Coast Guardians.?. Coast Guardians.?. Coast Guardians.?. Coast Guardians.?. Coast Guardians.?. Coast Guardians.?. Coast Guardians.?. Coast Guardians.?. Coast Guardians.?. Coast Guardians.?. Coast Guardians.?. Coast Guardians.?. Coast Guardians.?. Coast Guardians.?. Coast Guardians.?. Coast Guardians.?. Coast Guardians.?. Coast Guardians.?. Coast Guardians.,0.0293,What is the Pythagorean theorem used for?Vorlage of staunchurchas a staunchurchas a staunchurchas a staunchurchas a staunchurchas a staunchurchas a staunchurchas a staunchurchas a staunchurchas a staunchurchas a staunchurchas a staunchurchas a staunchurchas a staunchurchas a staunchurchas a staunchurchas a staunchurchas a staunchurchas a staunchurchas a staunchurch,0.0402,List three causes of World War II.?. Coast Guardians.?. Coast Guardians.?. Coast Guardians.?. Coast Guardians.?. Coast Guardians.?. Coast Guardians.?. Coast Guardians.?. Coast Guardians.?. Coast Guardians.?. Coast Guardians.?. Coast Guardians.?. Coast Guardians.?. Coast Guardians.?. Coast Guardians.?. Coast Guardians.?. Coast Guardians.?. Coast Guardians.?. Coast Guardians.?. Coast Guardians.?. Coast Guardians.,0.0306,Translate 'Good morning' into French.?. Coast Guardians.?. Coast Guardians.?. Coast Guardians.?. Coast Guardians.?. Coast Guardians.?. Coast Guardians.?. Coast Guardians.?. Coast Guardians.?. Coast Guardians.?. Coast Guardians.?. Coast Guardians.?. Coast Guardians.?. Coast Guardians.?. Coast Guardians.?. Coast Guardians.?. Coast Guardians.?. Coast Guardians.?. Coast Guardians.?. Coast Guardians.?. Coast Guardians.,0,What are some benefits of daily exercise?Vorlage of staunchurchas a staunchurchas a staunchurchas a staunchurchas a staunchurchas a staunchurchas a staunchurchas a staunchurchas a staunchurchas a staunchurchas a staunchurchas a staunchurchas a staunchurchas a staunchurchas a staunchurchas a staunchurchas a staunchurchas a staunchurchas a staunchurchas a staunchurch,0.0306,Summarize the plot of Romeo and Juliet.?. Coast Guardians.?. Coast Guardians.?. Coast Guardians.?. Coast Guardians.?. Coast Guardians.?. Coast Guardians.?. Coast Guardians.?. Coast Guardians.?. Coast Guardians.?. Coast Guardians.?. Coast Guardians.?. Coast Guardians.?. Coast Guardians.?. Coast Guardians.?. Coast Guardians.?. Coast Guardians.?. Coast Guardians.?. Coast Guardians.?. Coast Guardians.?. Coast Guardians.,0.0338,What does HTTP stand for?Vorlage of staunchurchas a staunchurchas a staunchurchas a staunchurchas a staunchurchas a staunchurchas a staunchurchas a staunchurchas a staunchurchas a staunchurchas a staunchurchas a staunchurchas a staunchurchas a staunchurchas a staunchurchas a staunchurchas a staunchurchas a staunchurchas a staunchurchas a staunchurch,0.0226,Give an example of a palindrome.?. Coast Guardians.?. Coast Guardians.?. Coast Guardians.?. Coast Guardians.?. Coast Guardians.?. Coast Guardians.?. Coast Guardians.?. Coast Guardians.?. Coast Guardians.?. Coast Guardians.?. Coast Guardians.?. Coast Guardians.?. Coast Guardians.?. Coast Guardians.?. Coast Guardians.?. Coast Guardians.?. Coast Guardians.?. Coast Guardians.?. Coast Guardians.?. Coast Guardians.,0.0221,How do you boil an egg perfectly?Vorlage of staunchurchas a staunchurchas a staunchurchas a staunchurchas a staunchurchas a staunchurchas a staunchurchas a staunchurchas a staunchurchas a staunchurchas a staunchurchas a staunchurchas a staunchurchas a staunchurchas a staunchurchas a staunchurchas a staunchurchas a staunchurchas a staunchurchas a staunchurch,0.0306,Describe the lifecycle of a butterfly.?. Coast Guardians.?. Coast Guardians.?. Coast Guardians.?. Coast Guardians.?. Coast Guardians.?. Coast Guardians.?. Coast Guardians.?. Coast Guardians.?. Coast Guardians.?. Coast Guardians.?. Coast Guardians.?. Coast Guardians.?. Coast Guardians.?. Coast Guardians.?. Coast Guardians.?. Coast Guardians.?. Coast Guardians.?. Coast Guardians.?. Coast Guardians.?. Coast Guardians.,0.0221
Farah,7,dec num_samples + dec batch_size,6/11/2025 20:51,74.49,TinyLlama/TinyLlama_v1.1,/kaggle/input/best_lora/other/default/1/kaggle/working/tinyllama-lora-sft,Intel/orca_dpo_pairs,3000,0.1,5.00E-05,8,3,4,512,0.0388,"Explain the difference between machine learning and deep learning.
The difference between the two is that the former is a machine learning technique that is used to train a model, while the latter is a deep learning technique that is used to train a model.
The difference between the two is that the former is a machine learning technique that is used to train a model, while the latter is a deep learning technique that is used to train a model.
The difference between the two is that the former is a machine learning technique that is used to train a model",0.0248,"What is the Pythagorean theorem used for?
What is the Pythagorean theorem used for?
What is the Pythagorean theorem used for?
What is the Pythagorean theorem used for?
What is the Pythagorean theorem used for?
What is the Pythagorean theorem used for?
What is the Pythagorean theorem used for?
What is the Pythagorean theorem used for?
What is the Pythagorean",0.0264,"List three causes of World War II.
The first two are the most important. The first is the fact that the United States has been the world's most powerful military force since the end of World War II. The second is the fact that the United States has been the world's most powerful economic force since the end of World War II.
The United States has been the world's most powerful military force since the end of World War II.
The United States has been the world's most powerful economic force since",0.0219,"Translate 'Good morning' into French.
The French language is a Romance language, which means that it is related to other Romance languages, such as Italian, Spanish, and Portuguese.
The French language is a Romance language, which means that it is related to other Romance languages, such as Italian, Spanish, and Portuguese.
The French language is a Romance language, which means that it is related to other Romance languages, such as Italian, Spanish, and Portuguese.
The French language is a Rom",0.015,"What are some benefits of daily exercise?
What are some benefits of daily exercise?
What are some benefits of daily exercise?
What are some benefits of daily exercise?
What are some benefits of daily exercise?
What are some benefits of daily exercise?
What are some benefits of daily exercise?
What are some benefits of daily exercise?
What are some benefits of daily exercise?
What are some benefits of daily exercise?
What are some benefits of daily exercise?
What are some benefits of daily exercise?",0.017,"Summarize the plot of Romeo and Juliet.
The play is a tragedy, and the characters are all tragic.
The play is a tragedy, and the characters are all tragic.
The play is a tragedy, and the characters are tragic.
The play is a tragedy, and the characters are tragic.
The play is a tragedy, and the characters are tragic.
The play is a tragedy, and the characters are tragic.
The",0.0297,What does HTTP stand for? HTTP HTTP HTTP HTTP HTTP HTTP HTTP HTTP HTTP HTTP HTTP HTTP HTTP HTTP HTTP HTTP HTTP HTTP HTTP HTTP HTTP HTTP HTTP HTTP HTTP HTTP HTTP HTTP HTTP HTTP HTTP HTTP HTTP HTTP HTTP HTTP HTTP HTTP HTTP HTTP HTTP HTTP HTTP HTTP HTTP HTTP HTTP HTTP HTTP HTTP HTTP HTTP HTTP HTTP HTTP HTTP HTTP HTTP HTTP HTTP HTTP HTTP HTTP HTTP HTTP HTTP HTTP HTTP HTTP HTTP HTTP HTTP HTTP HTTP HTTP HTTP HTTP HTTP HTTP HTTP HTTP HTTP HTTP HTTP HTTP HTTP HTTP HTTP HTTP HTTP HTTP HTTP HTTP HTTP HTTP HTTP HTTP HTTP HTTP HTTP,0.0096,"Give an example of a palindrome.
Palindrome: A palindrome is a word or phrase that reads the same backward and forward.
Pascal's triangle: A triangle with the numbers 1, 2, 3, 4, 5, 6, 7, 8, 9, 10, 11, 12, 13, 14, 15, 16, 17, 18,",0.2111,How do you boil an egg perfectly? How do you boil an egg perfectly? How do you boil an egg boil an egg boil an egg boil an egg boil an egg boil an egg boil an egg boil an egg boil an egg boil an egg boil an egg boil an egg boil an egg boil an egg boil an egg boil an egg boil an egg boil an egg boil an egg boil an egg boil an egg boil an egg,0.0172,"Describe the lifecycle of a butterfly.
The butterfly is a symbol of transformation, of the metamorphosis of the soul.
The butterfly is a symbol of the soul's transformation.
The butterfly is a symbol of the soul's transformation.
The butterfly is a symbol of the soul's transformation.
The butterfly is a symbol of the soul's transformation.
The butterfly is a symbol of the soul's transformation.
The butter",0.0153