timestamp,training_time,base_model,lora_model_path,dataset,num_samples,dpo_beta,dpo_learning_rate,dpo_batch_size,dpo_epochs,dpo_grad_accum,max_length,bleu_dpo_avg,q1_output,bleu1,q2_output,bleu2,q3_output,bleu3,q4_output,bleu4,q5_output,bleu5,q6_output,bleu6,q7_output,bleu7,q8_output,bleu8,q9_output,bleu9,q10_output,bleu10
2025-06-11 20:51:13,74.49,TinyLlama/TinyLlama_v1.1,/kaggle/input/best_lora/other/default/1/kaggle/working/tinyllama-lora-sft,Intel/orca_dpo_pairs,3000,0.1,5e-05,8,3,4,512,0.0388,"Explain the difference between machine learning and deep learning.
The difference between the two is that the former is a machine learning technique that is used to train a model, while the latter is a deep learning technique that is used to train a model.
The difference between the two is that the former is a machine learning technique that is used to train a model, while the latter is a deep learning technique that is used to train a model.
The difference between the two is that the former is a machine learning technique that is used to train a model",0.0248,"What is the Pythagorean theorem used for?
What is the Pythagorean theorem used for?
What is the Pythagorean theorem used for?
What is the Pythagorean theorem used for?
What is the Pythagorean theorem used for?
What is the Pythagorean theorem used for?
What is the Pythagorean theorem used for?
What is the Pythagorean theorem used for?
What is the Pythagorean",0.0264,"List three causes of World War II.
The first two are the most important. The first is the fact that the United States has been the world's most powerful military force since the end of World War II. The second is the fact that the United States has been the world's most powerful economic force since the end of World War II.
The United States has been the world's most powerful military force since the end of World War II.
The United States has been the world's most powerful economic force since",0.0219,"Translate 'Good morning' into French.
The French language is a Romance language, which means that it is related to other Romance languages, such as Italian, Spanish, and Portuguese.
The French language is a Romance language, which means that it is related to other Romance languages, such as Italian, Spanish, and Portuguese.
The French language is a Romance language, which means that it is related to other Romance languages, such as Italian, Spanish, and Portuguese.
The French language is a Rom",0.015,"What are some benefits of daily exercise?
What are some benefits of daily exercise?
What are some benefits of daily exercise?
What are some benefits of daily exercise?
What are some benefits of daily exercise?
What are some benefits of daily exercise?
What are some benefits of daily exercise?
What are some benefits of daily exercise?
What are some benefits of daily exercise?
What are some benefits of daily exercise?
What are some benefits of daily exercise?
What are some benefits of daily exercise?",0.017,"Summarize the plot of Romeo and Juliet.
The play is a tragedy, and the characters are all tragic.
The play is a tragedy, and the characters are all tragic.
The play is a tragedy, and the characters are tragic.
The play is a tragedy, and the characters are tragic.
The play is a tragedy, and the characters are tragic.
The play is a tragedy, and the characters are tragic.
The",0.0297,What does HTTP stand for? HTTP HTTP HTTP HTTP HTTP HTTP HTTP HTTP HTTP HTTP HTTP HTTP HTTP HTTP HTTP HTTP HTTP HTTP HTTP HTTP HTTP HTTP HTTP HTTP HTTP HTTP HTTP HTTP HTTP HTTP HTTP HTTP HTTP HTTP HTTP HTTP HTTP HTTP HTTP HTTP HTTP HTTP HTTP HTTP HTTP HTTP HTTP HTTP HTTP HTTP HTTP HTTP HTTP HTTP HTTP HTTP HTTP HTTP HTTP HTTP HTTP HTTP HTTP HTTP HTTP HTTP HTTP HTTP HTTP HTTP HTTP HTTP HTTP HTTP HTTP HTTP HTTP HTTP HTTP HTTP HTTP HTTP HTTP HTTP HTTP HTTP HTTP HTTP HTTP HTTP HTTP HTTP HTTP HTTP HTTP HTTP HTTP HTTP HTTP HTTP,0.0096,"Give an example of a palindrome.
Palindrome: A palindrome is a word or phrase that reads the same backward and forward.
Pascal's triangle: A triangle with the numbers 1, 2, 3, 4, 5, 6, 7, 8, 9, 10, 11, 12, 13, 14, 15, 16, 17, 18,",0.2111,How do you boil an egg perfectly? How do you boil an egg perfectly? How do you boil an egg boil an egg boil an egg boil an egg boil an egg boil an egg boil an egg boil an egg boil an egg boil an egg boil an egg boil an egg boil an egg boil an egg boil an egg boil an egg boil an egg boil an egg boil an egg boil an egg boil an egg boil an egg,0.0172,"Describe the lifecycle of a butterfly.
The butterfly is a symbol of transformation, of the metamorphosis of the soul.
The butterfly is a symbol of the soul's transformation.
The butterfly is a symbol of the soul's transformation.
The butterfly is a symbol of the soul's transformation.
The butterfly is a symbol of the soul's transformation.
The butterfly is a symbol of the soul's transformation.
The butter",0.0153
